Proficiency,Predicted,Expected
Beginner,Int,Beginner
Beginner,Int,Beginner
Beginner,Int,Beginner
Beginner,Beginner,Beginner
Beginner,Int,Beginner
Beginner,Int,Beginner
Beginner,Beginner,Beginner
Beginner,Int,Beginner
Beginner,Int,Beginner
Beginner,Int,Beginner
Beginner,Int,Beginner
Beginner,Int,Beginner
Beginner,Int,Beginner
Beginner,Int,Beginner
Beginner,Int,Beginner
Beginner,Int,Beginner
Beginner,High,Beginner
Beginner,Beginner,Beginner
Beginner,Int,Beginner
Beginner,Int,Beginner
Beginner,Int,Beginner
Beginner,Beginner,Beginner
Beginner,Int,Beginner
Beginner,Int,Beginner
Beginner,Int,Beginner
Beginner,Beginner,Beginner
Beginner,Int,Beginner
Beginner,Int,Beginner
Beginner,Int,Beginner
Beginner,Int,Beginner
Beginner,Int,Beginner
Beginner,Int,Beginner
Beginner,Int,Beginner
Beginner,High,Beginner
Beginner,Int,Beginner
Beginner,Int,Beginner
Beginner,Int,Beginner
Beginner,Int,Beginner
Beginner,Int,Beginner
Beginner,Int,Beginner
High,Int,Beginner
High,Int,Beginner
High,High,Beginner
High,Int,Beginner
High,Int,Beginner
High,Int,Beginner
High,Int,Beginner
High,Int,Beginner
High,Int,Beginner
High,Int,Beginner
High,Int,Beginner
High,High,Beginner
High,Int,Beginner
High,High,Beginner
High,Int,Beginner
High,Int,High
High,Int,High
High,Int,High
High,High,High
High,Int,High
High,High,High
High,Int,High
High,Int,High
High,Int,High
High,Int,High
High,High,High
High,Int,High
High,Int,High
High,Int,High
High,High,High
High,Int,High
High,Int,High
High,High,High
High,Int,High
High,High,High
High,Int,High
High,Int,High
High,Int,High
High,Int,High
Int,Int,High
Int,Int,High
Int,Int,High
Int,High,High
Int,Int,High
Int,Int,High
Int,Int,High
Int,Int,High
Int,Int,High
Int,Int,High
Int,Int,High
Int,Int,High
Int,Int,High
Int,Int,High
Int,Int,High
Int,Int,High
Int,Beginner,High
Int,Int,High
Int,Int,High
Int,Int,High
Int,Int,High
Int,Beginner,High
Int,Int,High
Int,Int,High
Int,High,High
Int,Int,High
Int,Beginner,High
Int,Int,High
Int,Int,High
Int,High,High
Int,Int,High
Int,Int,Int
Int,Int,Int
Int,Int,Int
Int,Int,Int
Int,Int,Int
Int,Int,Int
Int,Int,Int
Int,High,Int
Int,Int,Int
Int,High,Int
Int,High,Int
Int,Int,Int
Int,Int,Int
Int,High,Int
Int,Int,Int
Int,Int,Int
Int,Int,Int
Int,Beginner,Int
Int,Int,Int
Int,Int,Int
Int,Int,Int
Int,Int,Int
Int,Int,Int
Int,Int,Int
Int,Int,Int
Int,Int,Int
Int,Int,Int
Int,Int,Int
Int,Int,Int
Int,Int,Int
Int,High,Int
Int,Int,Int
Int,Int,Int
Int,Int,Int
Int,Int,Int
Int,Int,Int
Int,Int,Int
Int,Int,Int
Int,Int,Int
Int,Int,Int
Int,Beginner,Int
Int,Int,Int
Int,Int,Int
Int,Int,Int
Int,Int,Int
Int,Int,Int
Int,Int,Int
Int,Int,Int
Int,Int,Int
Int,High,Int
Int,Beginner,Int
Int,Int,Int
Int,Int,Int
Int,Int,Int